format,total_size_bytes,total_duration_sec,send_time_sec,recv_time_sec,total_time_sec,enc_throughput_mbps,dec_throughput_mbps,storage_overhead_bytes,original_hash,reconstructed_hash,hash_match
mp3,771293,30.27591836734694,0.17513585090637207,0.32039499282836914,0.4955308437347412,4.199952897805936,2.2957984393905795,3590,f798c8a3b0ab4510a61a7a252bd24486bcb400d5b735cc60a088d2c2aaf4c884,f798c8a3b0ab4510a61a7a252bd24486bcb400d5b735cc60a088d2c2aaf4c884,PASS
wav,5331622,30.2159410430839,0.23006153106689453,0.2848684787750244,0.514930009841919,22.101178509101008,17.84904735003034,3601,c9d0296ccdbf2654e04abadebc54cd0dbf643098f5b3ac63798db31675e48da2,c9d0296ccdbf2654e04abadebc54cd0dbf643098f5b3ac63798db31675e48da2,PASS
